{
    "$schema": "https://schema.management.azure.com/schemas/2019-04-01/deploymentTemplate.json#",
    "contentVersion": "1.0.0.0",
    "parameters": {
        "myLabName":{
            "type":"string",
            "defaultValue": "testlab",
            "metadata":{
                "description": "Must be lower-case letters only because it's used in the storage account name"
            }
        },
        "sasToken":{
            "type":"string",
            "defaultValue":"?sv=2019-02-02&ss=bfqt&srt=sco&sp=rlp&se=2022-04-02T04:12:07Z&st=2020-04-01T20:12:07Z&spr=https&sig=9U8fMkzRdI%2B737NmCsUG3WRtFwQ2HGnEp%2BUrRc16ntI%3D",
            "metadata":{
                "description": "Shared Access Signature, create this in on the storage account where you host the DSC files"    
            }
        },
        "domainName":{
            "type":"string",
            "defaultValue":"chiefslab.local",
            "metadata":{
                "description": "FQDN of your domain name e.g. mydomain.com"   
            }
        },
        "filePath":{
            "type":"string",
            "defaultValue":"https://dahallsa.file.core.usgovcloudapi.net/files/",
            "metadata":{
                "description": "Path in your storage account where the DSC resources are located."
            }
        },
        "dnsIP":{
            "type":"string",
            "defaultValue": "10.0.1.4",
            "metadata":{
                "description": "The first usable IP address DHCP will assign to your DC, .4 of whatever subnet you listed below"   
            }
        },
        "dcName": {
            "type":"string",
            "defaultValue": "DC1",
            "metadata":{
                "description": "The hostname of the Domain Controller"   
            }
        },
        "dcSize": {
            "type": "string",
            "defaultValue":"Standard_B2s",
            "allowedValues":[
                "Standard_B1ms",
                "Standard_B2s",
                "Standard_B2ms",
                "Standard_B4ms"
            ],
            "metadata":{
                "description": "The size of the Domain Controller"   
            }
        },
        "dcOS": {
            "type": "string",
            "defaultValue": "Server2019",
            "allowedValues": [
                "Server2012R2",
                "Server2016",
                "Server2019"
            ],
            "metadata": {
                "description": "Operating System of the Domain Controller"
            }
        },
        "SVR19Prefix":{
            "type":"string",
            "defaultValue":"2019SVR",
            "metadata":{
                "description":"Naming Prefix used for the Windows Server 2019 VMs."
            }
        },
        "svr2019Size": {
            "type": "string",
            "defaultValue":"Standard_B2s",
            "allowedValues":[
                "Standard_B1ms",
                "Standard_B2s",
                "Standard_B2ms",
                "Standard_B4ms"
            ],
            "metadata":{
                "description": "The size of the Windows Server 2019 VMs"   
            }
        },
        "svr2019OSDiskType": {
            "type": "string",
            "defaultValue":"Standard_LRS",
            "allowedValues":[
                "Premium_LRS",
                "Standard_LRS"
            ],
            "metadata": {
                "description": "Disk type for each Windows Server 2019 VM"
            }
        },
        "svr19Count":{
            "type":"int",
            "defaultValue": 1,
            "metadata":{
                "description": "Number of Windows Server 2019 VMs to deploy"
            }
        },
        "SVR16Prefix":{
            "type":"string",
            "defaultValue":"2016SVR",
            "metadata":{
                "description":"Naming Prefix used for the Windows Server 2016 VMs."
            }
        },
        "svr2016Size": {
            "type": "string",
            "defaultValue":"Standard_B2s",
            "allowedValues":[
                "Standard_B1ms",
                "Standard_B2s",
                "Standard_B2ms",
                "Standard_B4ms"
            ],
            "metadata":{
                "description": "The size of the Windows Server 2016 VMs"   
            }
        },
        "svr2016OSDiskType": {
            "type": "string",
            "defaultValue":"Standard_LRS",
            "allowedValues":[
                "Premium_LRS",
                "Standard_LRS"
            ],
            "metadata": {
                "description": "Disk type for each Windows Server 2016 VM"
            }
        },
        "svr16Count":{
            "type":"int",
            "defaultValue": 1,
            "metadata":{
                "description": "Number of Windows Server 2016 VMs to deploy"
            }
        },
        "SVR12Prefix":{
            "type":"string",
            "defaultValue":"2012SVR",
            "metadata":{
                "description":"Naming Prefix used for the Windows Server 2012 VMs."
            }
        },
        "svr2012Size": {
            "type": "string",
            "defaultValue":"Standard_B2s",
            "allowedValues":[
                "Standard_B1ms",
                "Standard_B2s",
                "Standard_B2ms",
                "Standard_B4ms"
            ],
            "metadata":{
                "description": "The size of the Windows Server 2012 VMs"   
            }
        },
        "svr2012OSDiskType": {
            "type": "string",
            "defaultValue":"Standard_LRS",
            "allowedValues":[
                "Premium_LRS",
                "Standard_LRS"
            ],
            "metadata": {
                "description": "Disk type for each Windows Server 2012 VM"
            }
        },
        "svr12Count":{
            "type":"int",
            "defaultValue": 1,
            "metadata":{
                "description": "Number of Windows Server 2012 VMs to deploy"
            }
        },
        "WIN10Prefix":{
            "type":"string",
            "defaultValue":"WIN10CL",
            "metadata":{
                "description":"Naming Prefix used for the Windows 10 VMs."
            }
        },
        "WIN10Size": {
            "type": "string",
            "defaultValue":"Standard_B2s",
            "allowedValues":[
                "Standard_B1ms",
                "Standard_B2s",
                "Standard_B2ms",
                "Standard_B4ms"
            ],
            "metadata":{
                "description": "The size of the Windows 10 VMs"   
            }
        },
        "WIN10OSDiskType": {
            "type": "string",
            "defaultValue":"Standard_LRS",
            "allowedValues":[
                "Premium_LRS",
                "Standard_LRS"
            ],
            "metadata": {
                "description": "Disk type for each  Windows 10 VM"
            }
        },
        "WIN10Count":{
            "type":"int",
            "defaultValue": 1,
            "metadata":{
                "description": "Number of Windows 10 VMs to deploy"
            }
        },
        "adminUsername": {
            "type": "string",
            "defaultValue": "chief",
            "metadata": {
                "description": "Admin user for all VMs"
            }
        },
        "adminPassword": {
            "type": "secureString",
            "defaultValue": "",
            "metadata": {
                "description": "Admin Password for all users"
            }
        },
        "addressPrefixes": {
            "type": "array",
            "defaultValue":[
                "10.0.1.0/24"
            ],
            "metadata": {
                "description": "The local IP address space you want to use for the LAB"
            }
        },
        "subnets": {
            "type": "array",
            "defaultValue":[
                {
                    "name": "default",
                    "properties": {
                        "addressPrefix": "10.0.1.0/24"
                    }
                }
            ],
            "metadata": {
                "description": "You can further break the address space down into subnet (this would require some updates to the template)"
            }
        },
        "osDiskType": {
            "type": "string",
            "defaultValue":"Standard_LRS",
            "allowedValues":[
                "Premium_LRS",
                "Standard_LRS"
            ],
            "metadata": {
                "description": "Disk type for each VM"
            }
        },
        "azurePlatform":{
            "type":"string",
            "defaultValue":".blob.core.usgovcloudapi.net/",
            "allowedValues":[
                ".blob.core.windows.net/",
                ".blob.core.usgovcloudapi.net/"
            ],
            "metadata":{
                "description": "Storage URI for the version of Azure you're using .blob.core.windows.net/ for Azure Commercial and .blob.core.usgovcloudapi.net/ for Azure Government"
            }
        }
    },
    "variables": {
        "nsgId": "[resourceId(resourceGroup().name, 'Microsoft.Network/networkSecurityGroups', variables('labvNetName'))]",
        "vnetId": "[resourceId(resourceGroup().name,'Microsoft.Network/virtualNetworks', variables('labvNetName'))]",
        "subnetRef": "[concat(variables('vnetId'), '/subnets/', variables('subnetName'))]",
        "diagnosticsStorageAccountName": "[toLower(concat(parameters('myLabName'), 'dsa'))]",
        "diagnosticsStorageAccountId": "[concat('Microsoft.Storage/storageAccounts/', parameters('myLabName'), 'dsa')]",
        "diagnosticsStorageAccountType": "Standard_LRS",
        "diagnosticsStorageAccountKind":"StorageV2",
        "subnetName": "default",
        "labvNetName": "[concat(parameters('myLabName'), '-vNET')]",
        "configFile": "CreateADPDC.zip",
        "configVmScriptFile": "[concat(parameters('filePath'), variables('configFile'), parameters('sasToken'))]",
        "operatingSystemValues": {
            "Server2012R2": {
                "PublisherValue": "MicrosoftWindowsServer",
                "OfferValue": "WindowsServer",
                "SkuValue": "2012-R2-Datacenter"
            },
            "Server2016": {
                "PublisherValue": "MicrosoftWindowsServer",
                "OfferValue": "WindowsServer",
                "SkuValue": "2016-Datacenter"
            },
            "Server2019": {
                "PublisherValue": "MicrosoftWindowsServer",
                "OfferValue": "WindowsServer",
                "SkuValue": "2019-DataCenter"
            }
        },
        "nsgRules": [
            {
            "name": "RDP",
            "properties": {
                "priority": 300,
                "protocol": "TCP",
                "access": "Allow",
                "direction": "Inbound",
                "sourceAddressPrefix": "*",
                "sourcePortRange": "*",
                "destinationAddressPrefix": "*",
                "destinationPortRange": "3389"
            }
        }
        ],
        "vm1NICName": "[concat(parameters('dcName'), '-NIC')]",
        "vm1PIPName": "[concat(parameters('dcName'), '-PIP')]",
        "TEMPLATES": {
            "SVR2019": {
                "Link": "[concat(parameters('filePath'), 'svr2019.json', parameters('sasToken'))]"
            },
            "SVR2016": {
                "Link": "[concat(parameters('filePath'), 'svr2016.json', parameters('sasToken'))]"
            },
            "SVR2012": {
                "Link": "[concat(parameters('filePath'), 'svr2012.json', parameters('sasToken'))]"
            },
            "WIN10": {
                "Link": "[concat(parameters('filePath'), 'Win10.json', parameters('sasToken'))]"
            }
        }
    },
    "resources": [
        {
            "name": "[variables('diagnosticsStorageAccountName')]",
            "comments":"The single storage account for the entire Lab. Everything is built referencing this storage account.",
            "type": "Microsoft.Storage/storageAccounts",
            "apiVersion": "2019-06-01",
            "location": "[resourceGroup().location]",
            "properties": {},
            "kind": "[variables('diagnosticsStorageAccountKind')]",
            "sku": {
                "name": "[variables('diagnosticsStorageAccountType')]"
            }
        },
        {
            "name": "[variables('labvNetName')]",
            "comments":"The single Network Security group for the entire Lab. All of the VM NICs reference the same NSG, same NSG rules.",
            "type": "Microsoft.Network/networkSecurityGroups",
            "apiVersion": "2019-07-01",
            "location": "[resourceGroup().location]",
            "properties": {
                "securityRules": "[variables('nsgRules')]"
            }
        },
        {
            "name": "[variables('labvNetName')]",
            "comments":"The single vNET for the entire LAB.",
            "type": "Microsoft.Network/virtualNetworks",
            "apiVersion": "2019-09-01",
            "location": "[resourceGroup().location]",
            "properties": {
                "addressSpace": {
                    "addressPrefixes": "[parameters('addressPrefixes')]"
                },
                "subnets": "[parameters('subnets')]"
            }
        },
        {
            "name": "[variables('vm1NICName')]",
            "comments":"The NIC for DC1, the root DC in the forest.",
            "type": "Microsoft.Network/networkInterfaces",
            "apiVersion": "2019-07-01",
            "location": "[resourceGroup().location]",
            "dependsOn": [
                "[concat('Microsoft.Network/networkSecurityGroups/', variables('labvNetName'))]",
                "[concat('Microsoft.Network/virtualNetworks/', variables('labvNetName'))]",
                "[concat('Microsoft.Network/publicIpAddresses/', variables('vm1PIPName'))]"
            ],
            "properties": {
                "ipConfigurations": [
                    {
                        "name": "ipconfig1",
                        "properties": {
                            "subnet": {
                                "id": "[variables('subnetRef')]"
                            },
                            "privateIPAllocationMethod": "Dynamic",
                            "publicIpAddress": {
                                "id": "[resourceId(resourceGroup().name, 'Microsoft.Network/publicIpAddresses', variables('vm1PIPName'))]"
                            }
                        }
                    }
                ],
                "networkSecurityGroup": {
                    "id": "[variables('nsgId')]"
                }
            }
        },
        {
            "name": "[variables('vm1PIPName')]",
            "comments":"The Public IP Address for DC1, the root DC in the forest.",
            "type": "Microsoft.Network/publicIpAddresses",
            "apiVersion": "2019-07-01",
            "location": "[resourceGroup().location]",
            "properties": {
                "publicIpAllocationMethod": "Dynamic"
            },
            "sku": {
                "name": "Basic"
            }
        },
        {
            "name": "[parameters('dcName')]",
            "comments":"Deploying the DC1 VM.",
            "type": "Microsoft.Compute/virtualMachines",
            "apiVersion": "2019-07-01",
            "location": "[resourceGroup().location]",
            "dependsOn": [
                "[concat('Microsoft.Network/networkInterfaces/', variables('vm1NICName'))]",
                "[concat('Microsoft.Storage/storageAccounts/', variables('diagnosticsStorageAccountName'))]"
            ],
            "properties": {
                "hardwareProfile": {
                    "vmSize": "[parameters('dcSize')]"
                },
                "storageProfile": {
                    "osDisk": {
                        "createOption": "fromImage",
                        "managedDisk": {
                            "storageAccountType": "[parameters('osDiskType')]"
                        }
                    },
                    "imageReference": {
                        "publisher": "[variables('operatingSystemValues')[parameters('dcOS')].PublisherValue]",
                        "offer": "[variables('operatingSystemValues')[parameters('dcOS')].OfferValue]",
                        "sku": "[variables('operatingSystemValues')[parameters('dcOS')].SkuValue]",
                        "version": "latest"
                    }
                },
                "networkProfile": {
                    "networkInterfaces": [
                        {
                            "id": "[resourceId('Microsoft.Network/networkInterfaces', variables('vm1NICName'))]"
                        }
                    ]
                },
                "osProfile": {
                    "computerName": "[parameters('dcName')]",
                    "adminUsername": "[parameters('adminUsername')]",
                    "adminPassword": "[parameters('adminPassword')]",
                    "windowsConfiguration": {
                        "enableAutomaticUpdates": true,
                        "provisionVmAgent": true
                    }
                },
                "licenseType": "Windows_Server",
                "diagnosticsProfile": {
                    "bootDiagnostics": {
                        "enabled": true,
                        "storageUri": "[concat('https://', variables('diagnosticsStorageAccountName'), parameters('azurePlatform'))]"
                    }
                }
            }
        },        
        {
            "type": "Microsoft.Compute/virtualMachines/extensions",
            "comments":"Install Active Directory on DC1.",
            "name": "[concat(parameters('dcName'), '/CreateADPDC')]",
            "apiVersion": "2019-07-01",
            "location": "[resourceGroup().location]",
            "dependsOn":[
                "[concat('Microsoft.Compute/virtualMachines/', parameters('dcName'))]"
            ],
            "properties": {
                "publisher": "Microsoft.Powershell",
                "type": "DSC",
                "typeHandlerVersion": "2.77",
                "autoUpgradeMinorVersion": true,
                "settings": {
                    "wmfVersion": "latest",
                    "configuration": {
                        "url": "[variables('configVmScriptFile')]",
                        "script": "CreateADPDC.ps1",
                        "function": "CreateADPDC"
                    },
                    "configurationArguments": {
                        "domainName": "[parameters('domainName')]"
                    } 
                },
                "protectedSettings": {
                    "configurationArguments": {
                        "AdminCreds": {
                            "userName": "[parameters('adminUsername')]",
                            "password": "[parameters('adminPassword')]"
                        }
                    }
                }
            }
        },
        {
            "type":"Microsoft.Resources/deployments",
            "comments":"Update the DNS Server of the Virtual Network with the IP of DC1. Because we've only deployed 1 VM at this point it will always get the .4 local IP address of the subnet you listed in the addressPrefixes parameter above.",
            "apiVersion":"2019-10-01",
            "name":"updateVNet",
            "dependsOn":[
                "[concat('Microsoft.Network/virtualNetworks/', variables('labvNetName'))]",
                "[concat('Microsoft.Compute/virtualMachines/', parameters('dcName'), '/extensions/CreateADPDC')]"
            ],
            "properties":{
                "mode":"Incremental",
                "template":{
                    "$schema":"https://schema.management.azure.com/schemas/2019-04-01/deploymentTemplate.json#",
                    "contentVersion":"1.0.0.0",
                    "resources":[
                        {
                            "name": "[variables('labvNetName')]",
                            "type": "Microsoft.Network/virtualNetworks",
                            "apiVersion": "2019-09-01",
                            "location": "[resourceGroup().location]",
                            "properties": {
                                "dhcpOptions":{
                                    "dnsServers":[
                                        "[parameters('dnsIP')]"
                                    ]
                                },
                                "addressSpace": {
                                    "addressPrefixes": "[parameters('addressPrefixes')]"
                                },
                                "subnets": "[parameters('subnets')]"
                            }
                        }
                    ]
                }
            }
        },
        {
            "type": "Microsoft.Resources/deployments",
            "comments":"Deploy Windows Server 2019 VMs if you have chosen to do so.",
            "name": "SVR2019",
            "apiVersion": "2019-07-01",
            "properties": {
                "mode": "Incremental",
                "templateLink": {
                "uri": "[variables('TEMPLATES')['svr2019'].Link]"
                },
                "parameters": {
                    "myLabName":{
                        "value":"[parameters('myLabName')]"
                    },
                    "SVR19Prefix":{
                        "value":"[parameters('SVR19Prefix')]"
                    },
                    "svr19Count":{
                        "value": "[parameters('svr19Count')]"
                    },
                    "svr2019Size": {
                        "value": "[parameters('svr2019Size')]"
                    },
                    "svr2019OSDiskType": {
                        "value": "[parameters('svr2019OSDiskType')]"
                    },
                    "domainName":{
                        "value":"[parameters('domainName')]"
                    },
                    "adminUsername": {
                        "value": "[parameters('adminUsername')]"
                    },
                    "adminPassword": {
                        "value": "[parameters('adminPassword')]"
                    },
                    "azurePlatform": {
                        "value": "[parameters('azurePlatform')]"
                    }
                }
            },
                "dependsOn": [
                    "updateVNet"
                ]
        },
        {
            "type": "Microsoft.Resources/deployments",
            "comments":"Deploy Windows Server 2016 VMs if you have chosen to do so.",
            "name": "SVR2016",
            "apiVersion": "2019-07-01",
            "properties": {
                "mode": "Incremental",
                "templateLink": {
                "uri": "[variables('TEMPLATES')['svr2016'].Link]"
                },
                "parameters": {
                    "myLabName":{
                        "value":"[parameters('myLabName')]"
                    },
                    "SVR16Prefix":{
                        "value":"[parameters('SVR16Prefix')]"
                    },
                    "svr16Count":{
                        "value": "[parameters('svr16Count')]"
                    },
                    "svr2016Size": {
                        "value": "[parameters('svr2016Size')]"
                    },
                    "svr2016OSDiskType": {
                        "value": "[parameters('svr2016OSDiskType')]"
                    },
                    "domainName":{
                        "value":"[parameters('domainName')]"
                    },
                    "adminUsername": {
                        "value": "[parameters('adminUsername')]"
                    },
                    "adminPassword": {
                        "value": "[parameters('adminPassword')]"
                    },
                    "azurePlatform": {
                        "value": "[parameters('azurePlatform')]"
                    }
                }
            },
                "dependsOn": [
                    "updateVNet"
                ]
        },
        {
            "type": "Microsoft.Resources/deployments",
            "comments":"Deploy Windows Server 2012 VMs if you have chosen to do so.",
            "name": "SVR2012",
            "apiVersion": "2019-07-01",
            "properties": {
                "mode": "Incremental",
                "templateLink": {
                "uri": "[variables('TEMPLATES')['svr2012'].Link]"
                },
                "parameters": {
                    "myLabName":{
                        "value":"[parameters('myLabName')]"
                    },
                    "SVR12Prefix":{
                        "value":"[parameters('SVR12Prefix')]"
                    },
                    "svr12Count":{
                        "value": "[parameters('svr12Count')]"
                    },
                    "svr2012Size": {
                        "value": "[parameters('svr2012Size')]"
                    },
                    "svr2012OSDiskType": {
                        "value": "[parameters('svr2012OSDiskType')]"
                    },
                    "domainName":{
                        "value":"[parameters('domainName')]"
                    },
                    "adminUsername": {
                        "value": "[parameters('adminUsername')]"
                    },
                    "adminPassword": {
                        "value": "[parameters('adminPassword')]"
                    },
                    "azurePlatform": {
                        "value": "[parameters('azurePlatform')]"
                    }
                }
            },
                "dependsOn": [
                    "updateVNet"
                ]
        },
        {
            "type": "Microsoft.Resources/deployments",
            "comments":"Deploy Windows 10 Enterprise VMs if you have chosen to do so.",
            "name": "WIN10",
            "apiVersion": "2019-07-01",
            "properties": {
                "mode": "Incremental",
                "templateLink": {
                "uri": "[variables('TEMPLATES')['Win10'].Link]"
                },
                "parameters": {
                    "myLabName":{
                        "value":"[parameters('myLabName')]"
                    },
                    "WIN10Prefix":{
                        "value":"[parameters('WIN10Prefix')]"
                    },
                    "WIN10Count":{
                        "value": "[parameters('WIN10Count')]"
                    },
                    "WIN10Size": {
                        "value": "[parameters('WIN10Size')]"
                    },
                    "WIN10OSDiskType": {
                        "value": "[parameters('WIN10OSDiskType')]"
                    },
                    "domainName":{
                        "value":"[parameters('domainName')]"
                    },
                    "adminUsername": {
                        "value": "[parameters('adminUsername')]"
                    },
                    "adminPassword": {
                        "value": "[parameters('adminPassword')]"
                    },
                    "azurePlatform": {
                        "value": "[parameters('azurePlatform')]"
                    }
                }
            },
                "dependsOn": [
                    "updateVNet"
                ]
        }
    ],
    "outputs": {
        "adminUsername": {
            "type": "string",
            "value": "[parameters('adminUsername')]"
        }
    }
}