<Objs Version="1.1.0.1" xmlns="http://schemas.microsoft.com/powershell/2004/04">
  <Obj RefId="0">
    <TN RefId="0">
      <T>Microsoft.PowerShell.Commands.PSRepositoryItemInfo</T>
      <T>System.Management.Automation.PSCustomObject</T>
      <T>System.Object</T>
    </TN>
    <MS>
      <S N="Name">xPendingReboot</S>
      <Version N="Version">0.4.0.0</Version>
      <S N="Type">Module</S>
      <S N="Description">This module identifies pending reboots in Windows Server and acts on them.</S>
      <S N="Author">Microsoft Corporation</S>
      <S N="CompanyName">PowerShellTeam</S>
      <S N="Copyright">(c) 2014 Microsoft Corporation. All rights reserved.</S>
      <DT N="PublishedDate">2018-05-02T23:54:45-04:00</DT>
      <Obj N="InstalledDate" RefId="1">
        <DT>2021-08-05T09:49:57.1161825-04:00</DT>
        <MS>
          <Obj N="DisplayHint" RefId="2">
            <TN RefId="1">
              <T>Microsoft.PowerShell.Commands.DisplayHintType</T>
              <T>System.Enum</T>
              <T>System.ValueType</T>
              <T>System.Object</T>
            </TN>
            <ToString>DateTime</ToString>
            <I32>2</I32>
          </Obj>
        </MS>
      </Obj>
      <Nil N="UpdatedDate" />
      <URI N="LicenseUri">https://github.com/PowerShell/xPendingReboot/blob/master/LICENSE</URI>
      <URI N="ProjectUri">https://github.com/PowerShell/xPendingReboot</URI>
      <Nil N="IconUri" />
      <Obj N="Tags" RefId="3">
        <TN RefId="2">
          <T>System.Object[]</T>
          <T>System.Array</T>
          <T>System.Object</T>
        </TN>
        <LST>
          <S>DesiredStateConfiguration</S>
          <S>DSC</S>
          <S>DSCResourceKit</S>
          <S>DSCResource</S>
          <S>PSModule</S>
        </LST>
      </Obj>
      <Obj N="Includes" RefId="4">
        <TN RefId="3">
          <T>System.Collections.Hashtable</T>
          <T>System.Object</T>
        </TN>
        <DCT>
          <En>
            <S N="Key">Cmdlet</S>
            <Obj N="Value" RefId="5">
              <TNRef RefId="2" />
              <LST />
            </Obj>
          </En>
          <En>
            <S N="Key">Workflow</S>
            <Ref N="Value" RefId="5" />
          </En>
          <En>
            <S N="Key">Command</S>
            <Ref N="Value" RefId="5" />
          </En>
          <En>
            <S N="Key">Function</S>
            <Ref N="Value" RefId="5" />
          </En>
          <En>
            <S N="Key">DscResource</S>
            <Obj N="Value" RefId="6">
              <TNRef RefId="2" />
              <LST>
                <S>xPendingReboot</S>
              </LST>
            </Obj>
          </En>
          <En>
            <S N="Key">RoleCapability</S>
            <Ref N="Value" RefId="5" />
          </En>
        </DCT>
      </Obj>
      <Nil N="PowerShellGetFormatVersion" />
      <S N="ReleaseNotes">* Converted appveyor.yml to install Pester from PSGallery instead of from Chocolatey._x000D__x000A_* Fixes registry not being evaluated correctly._x000D__x000A_* Fixes failing tests introduced in changes to Pester 4._x000D__x000A_* Change layout of parameters to compile with style guide.</S>
      <Obj N="Dependencies" RefId="7">
        <TNRef RefId="2" />
        <LST />
      </Obj>
      <S N="RepositorySourceLocation">https://www.powershellgallery.com/api/v2</S>
      <S N="Repository">PSGallery</S>
      <S N="PackageManagementProvider">NuGet</S>
      <Obj N="AdditionalMetadata" RefId="8">
        <TN RefId="4">
          <T>System.Management.Automation.PSCustomObject</T>
          <T>System.Object</T>
        </TN>
        <MS>
          <S N="copyright">(c) 2014 Microsoft Corporation. All rights reserved.</S>
          <S N="description">This module identifies pending reboots in Windows Server and acts on them.</S>
          <S N="requireLicenseAcceptance">True</S>
          <S N="releaseNotes">* Converted appveyor.yml to install Pester from PSGallery instead of from Chocolatey._x000D__x000A_* Fixes registry not being evaluated correctly._x000D__x000A_* Fixes failing tests introduced in changes to Pester 4._x000D__x000A_* Change layout of parameters to compile with style guide.</S>
          <S N="isLatestVersion">True</S>
          <S N="isAbsoluteLatestVersion">True</S>
          <S N="versionDownloadCount">330686</S>
          <S N="downloadCount">416706</S>
          <S N="packageSize">10264</S>
          <S N="published">5/2/2018 11:54:45 PM -04:00</S>
          <S N="created">5/2/2018 11:54:45 PM -04:00</S>
          <S N="lastUpdated">8/5/2021 11:10:22 AM -04:00</S>
          <S N="tags">DesiredStateConfiguration DSC DSCResourceKit DSCResource PSModule PSDscResource_x005F_xPendingReboot PSIncludes_DscResource</S>
          <S N="developmentDependency">False</S>
          <S N="updated">2021-08-05T11:10:22Z</S>
          <S N="NormalizedVersion">0.4.0</S>
          <S N="Authors">Microsoft Corporation</S>
          <S N="IsPrerelease">false</S>
          <S N="ItemType">Module</S>
          <S N="FileList">xPendingReboot.nuspec|LICENSE|README.md|xPendingReboot.psd1|DSCResources\MSFT_x005F_xPendingReboot\MSFT_x005F_xPendingReboot.psm1|DSCResources\MSFT_x005F_xPendingReboot\MSFT_x005F_xPendingReboot.schema.mof|Tests\xPendingReboot.tests.ps1</S>
          <S N="GUID">21430f59-750c-4c3c-bb93-4633b5b784c8</S>
          <S N="PowerShellVersion">4.0</S>
          <S N="CLRVersion">4.0</S>
          <S N="CompanyName">Microsoft Corporation</S>
        </MS>
      </Obj>
      <S N="InstalledLocation">C:\Users\dahall\OneDrive - Microsoft\Documents\PowerShell\Modules\xPendingReboot\0.4.0.0</S>
    </MS>
  </Obj>
</Objs>
