﻿{
  "$schema": "https://schema.management.azure.com/schemas/2019-04-01/deploymentTemplate.json#",
  "contentVersion": "1.0.0.0",
  "parameters": {
      "myLabName":{
            "type":"string"
        },
        "SVR16Prefix":{
            "type":"string"
        },
        "svr16Count":{
            "type":"int"
        },
        "svr2016Size": {
            "type": "string"
        },
        "svr2016OSDiskType": {
            "type": "string"
        },
        "domainName":{
            "type":"string"
        },
        "adminUsername": {
            "type": "string"
        },
        "adminPassword": {
            "type": "secureString"
        },
        "azurePlatform":{
            "type":"string"
        }

  },
  "variables": {

      "diagnosticsStorageAccountName": "[concat(parameters('myLabName'), 'dsa')]",
      "diagnosticsStorageAccountType": "Standard_LRS",
      "diagnosticsStorageAccountKind":"StorageV2",
      "labvNetName": "[concat(parameters('myLabName'), '-vNET')]",
      "nsgId": "[resourceId(resourceGroup().name, 'Microsoft.Network/networkSecurityGroups', variables('labvNetName'))]",
      "domainJoinOption": 3
  },
  "resources": [
      {
        "name": "[variables('diagnosticsStorageAccountName')]",
        "type": "Microsoft.Storage/storageAccounts",
        "apiVersion": "2019-06-01",
        "location": "[resourceGroup().location]",
        "properties": {},
        "kind": "[variables('diagnosticsStorageAccountKind')]",
        "sku": {
            "name": "[variables('diagnosticsStorageAccountType')]"
        }
    },
    {
        "name": "[concat(parameters('SVR16Prefix'), copyIndex(1), '-PIP')]",
        "type": "Microsoft.Network/publicIPAddresses",
        "apiVersion": "2019-06-01",
        "location": "[resourceGroup().location]",
        "copy":{
            "name":"SVR2016PIPcopy",
            "count":"[parameters('svr16Count')]"
        },
        "properties": {
            "publicIPAllocationMethod": "Dynamic"
        }
    },
    {
        "name": "[concat(parameters('SVR16Prefix'), copyIndex(1), '-NIC')]",
        "type": "Microsoft.Network/networkInterfaces",
        "apiVersion": "2019-06-01",
        "location": "[resourceGroup().location]",
        "copy":{
            "name":"SVR2016NICcopy",
            "count":"[parameters('svr16Count')]"
        },
        "dependsOn": [
            "[concat(parameters('SVR16Prefix'), copyIndex(1), '-PIP')]"
        ],
        "properties": {
            "ipConfigurations": [
                {
                    "name": "ipConfig1",
                    "properties": {
                        "privateIPAllocationMethod": "Dynamic",
                        "publicIPAddress": {
                            "id": "[resourceId('Microsoft.Network/publicIPAddresses', concat(parameters('SVR16Prefix'), copyIndex(1), '-PIP'))]"
                        },
                        "subnet": {
                            "id": "[concat(subscription().id,'/resourceGroups/',resourceGroup().name,'/providers/Microsoft.Network/virtualNetworks/',variables('labvNetName'),'/subnets/default')]"
                        }
                    }
                }
            ],
            "networkSecurityGroup": {
                    "id": "[variables('nsgId')]"
            }
        }
    },
    {
        "comments": "createSVR2016",
        "name": "[concat(parameters('SVR16Prefix'), copyIndex(1))]",
        "type": "Microsoft.Compute/virtualMachines",
        "apiVersion": "2019-07-01",
        "location": "[resourceGroup().location]",
        "copy":{
            "name":"SVR2016VMcopy",
            "count":"[parameters('svr16Count')]"
        },
        "dependsOn":[
            "[concat('Microsoft.Network/networkInterfaces/', parameters('SVR16Prefix'), copyIndex(1), '-NIC')]",
            "[concat('Microsoft.Storage/storageAccounts/', variables('diagnosticsStorageAccountName'))]"
        ],
        "properties": {
            "hardwareProfile": {
                "vmSize": "[parameters('svr2016Size')]"
        },
        "osProfile": {
            "computerName": "[concat(parameters('SVR16Prefix'), copyIndex(1))]",
            "adminUsername": "[parameters('adminUserName')]",
            "adminPassword": "[parameters('adminPassword')]"
        },
        "storageProfile": {
            "osDisk": {
                "name":"[concat(parameters('SVR16Prefix'), copyIndex(1), 'sys')]",
                "createOption": "fromImage",
                "managedDisk": {
                    "storageAccountType": "[parameters('svr2016OSDiskType')]"
                }
            },
            "imageReference": {
                "publisher": "MicrosoftWindowsServer",
                "offer": "WindowsServer",
                "sku": "2016-DataCenter",
                "version": "latest"
            }
        },
        "networkProfile": {
            "networkInterfaces": [
                {
                    "id": "[resourceId('Microsoft.Network/networkInterfaces', concat(parameters('SVR16Prefix'), copyIndex(1), '-NIC'))]"
                }
            ]
        },
        "licenseType": "Windows_Server",
                "diagnosticsProfile": {
                    "bootDiagnostics": {
                        "enabled": true,
                        "storageUri": "[concat('https://', variables('diagnosticsStorageAccountName'), parameters('azurePlatform'))]"
                    }
                }
      }
    },
    {
        "comments": "joinSVR2016",
        "type": "Microsoft.Compute/virtualMachines/extensions",
        "name": "[concat(parameters('SVR16Prefix'), copyIndex(1), '/joindomain')]",
        "apiVersion": "2019-07-01",
        "location": "[resourceGroup().location]",
        "copy":{
            "name":"SVR2016VMDomainJoincopy",
            "count":"[parameters('svr16Count')]"
        },
        "tags": {
            "displayName": "JsonADDomainExtension"
        },
        "dependsOn": [
            "[concat('Microsoft.Compute/virtualMachines/',parameters('SVR16Prefix'), copyIndex(1))]"
        ],
        "properties": {
            "publisher": "Microsoft.Compute",
            "type": "JsonADDomainExtension",
            "typeHandlerVersion": "1.3",
            "autoUpgradeMinorVersion": "true",
            "settings": {
                "Name": "[parameters('domainName')]",
                "User": "[concat(parameters('adminUserName'),'@',parameters('domainName'))]",
                "Restart": "true",
                "Options": "[variables('domainJoinOption')]"
            },
            "protectedSettings": {
                "Password": "[parameters('adminPassword')]"
        }
      }
    }
  ],
  "outputs": {},
  "functions": []
}