{
    "$schema": "https://schema.management.azure.com/schemas/2019-04-01/deploymentTemplate.json#",
    "contentVersion": "1.0.0.0",
    "parameters": {
        "myLabName":{
              "type":"string"
          },
          "WIN10Prefix":{
              "type":"string"
          },
          "WIN10Count":{
              "type":"int"
          },
          "WIN10Size": {
              "type": "string"
          },
          "WIN10OSDiskType": {
              "type": "string"
          },
          "domainName":{
              "type":"string"
          },
          "adminUsername": {
              "type": "string"
          },
          "adminPassword": {
              "type": "secureString"
          },
          "azurePlatform":{
              "type":"string"
          }
    },
    "variables": {
  
        "diagnosticsStorageAccountName": "[concat(parameters('myLabName'), 'dsa')]",
        "diagnosticsStorageAccountType": "Standard_LRS",
        "diagnosticsStorageAccountKind":"StorageV2",
        "labvNetName": "[concat(parameters('myLabName'), '-vNET')]",
        "nsgId": "[resourceId(resourceGroup().name, 'Microsoft.Network/networkSecurityGroups', variables('labvNetName'))]",
        "domainJoinOption": 3
    },
    "resources": [
        {
          "name": "[variables('diagnosticsStorageAccountName')]",
          "type": "Microsoft.Storage/storageAccounts",
          "apiVersion": "2019-06-01",
          "location": "[resourceGroup().location]",
          "properties": {},
          "kind": "[variables('diagnosticsStorageAccountKind')]",
          "sku": {
              "name": "[variables('diagnosticsStorageAccountType')]"
          }
      },
      {
          "name": "[concat(parameters('WIN10Prefix'), copyIndex(1), '-PIP')]",
          "type": "Microsoft.Network/publicIPAddresses",
          "apiVersion": "2019-06-01",
          "location": "[resourceGroup().location]",
          "copy":{
              "name":"WIN10PIPcopy",
              "count":"[parameters('WIN10Count')]"
          },
          "properties": {
              "publicIPAllocationMethod": "Dynamic"
          }
      },
      {
          "name": "[concat(parameters('WIN10Prefix'), copyIndex(1), '-NIC')]",
          "type": "Microsoft.Network/networkInterfaces",
          "apiVersion": "2019-06-01",
          "location": "[resourceGroup().location]",
          "copy":{
              "name":"WIN10NICcopy",
              "count":"[parameters('WIN10Count')]"
          },
          "dependsOn": [
              "[concat(parameters('WIN10Prefix'), copyIndex(1), '-PIP')]"
          ],
          "properties": {
              "ipConfigurations": [
                  {
                      "name": "ipConfig1",
                      "properties": {
                          "privateIPAllocationMethod": "Dynamic",
                          "publicIPAddress": {
                              "id": "[resourceId('Microsoft.Network/publicIPAddresses', concat(parameters('WIN10Prefix'), copyIndex(1), '-PIP'))]"
                          },
                          "subnet": {
                              "id": "[concat(subscription().id,'/resourceGroups/',resourceGroup().name,'/providers/Microsoft.Network/virtualNetworks/',variables('labvNetName'),'/subnets/default')]"
                          }
                      }
                  }
              ],
              "networkSecurityGroup": {
                      "id": "[variables('nsgId')]"
              }
          }
      },
      {
          "comments": "createWIN10",
          "name": "[concat(parameters('WIN10Prefix'), copyIndex(1))]",
          "type": "Microsoft.Compute/virtualMachines",
          "apiVersion": "2019-07-01",
          "location": "[resourceGroup().location]",
          "copy":{
              "name":"WIN10VMcopy",
              "count":"[parameters('WIN10Count')]"
          },
          "dependsOn":[
              "[concat('Microsoft.Network/networkInterfaces/', parameters('WIN10Prefix'), copyIndex(1), '-NIC')]",
              "[concat('Microsoft.Storage/storageAccounts/', variables('diagnosticsStorageAccountName'))]"
          ],
          "properties": {
              "hardwareProfile": {
                  "vmSize": "[parameters('WIN10Size')]"
          },
          "osProfile": {
              "computerName": "[concat(parameters('WIN10Prefix'), copyIndex(1))]",
              "adminUsername": "[parameters('adminUserName')]",
              "adminPassword": "[parameters('adminPassword')]",
              "windowsConfiguration":{
                  "enableAutomaticUpdates":true,
                  "provisionVMAgent":true
              }
          },
          "storageProfile": {
              "osDisk": {
                  "name":"[concat(parameters('WIN10Prefix'), copyIndex(1), 'sys')]",
                  "createOption": "fromImage",
                  "managedDisk": {
                      "storageAccountType": "[parameters('WIN10OSDiskType')]"
                  }
              },
              "imageReference": {
                  "publisher": "MicrosoftWindowsDesktop",
                  "offer": "Windows-10",
                  "sku": "19h2-ent",
                  "version": "latest"
              }
          },
          "networkProfile": {
              "networkInterfaces": [
                  {
                      "id": "[resourceId('Microsoft.Network/networkInterfaces', concat(parameters('WIN10Prefix'), copyIndex(1), '-NIC'))]"
                  }
              ]
          },
          "diagnosticsProfile": {
              "bootDiagnostics": {
                  "enabled": true,
                  "storageUri": "[concat('https://', variables('diagnosticsStorageAccountName'), parameters('azurePlatform'))]"
               }
          }
        }
      },
      {
          "comments": "joinWIN10",
          "type": "Microsoft.Compute/virtualMachines/extensions",
          "name": "[concat(parameters('WIN10Prefix'), copyIndex(1), '/joindomain')]",
          "apiVersion": "2019-07-01",
          "location": "[resourceGroup().location]",
          "copy":{
              "name":"WIN10VMDomainJoincopy",
              "count":"[parameters('WIN10Count')]"
          },
          "tags": {
              "displayName": "JsonADDomainExtension"
          },
          "dependsOn": [
              "[concat('Microsoft.Compute/virtualMachines/',parameters('WIN10Prefix'), copyIndex(1))]"
          ],
          "properties": {
              "publisher": "Microsoft.Compute",
              "type": "JsonADDomainExtension",
              "typeHandlerVersion": "1.3",
              "autoUpgradeMinorVersion": "true",
              "settings": {
                  "Name": "[parameters('domainName')]",
                  "User": "[concat(parameters('adminUserName'),'@',parameters('domainName'))]",
                  "Restart": "true",
                  "Options": "[variables('domainJoinOption')]"
              },
              "protectedSettings": {
                  "Password": "[parameters('adminPassword')]"
          }
        }
      }
    ],
    "outputs": {},
    "functions": []
  }